"Experiment #","Experimenter","Sample #","BrNumbr","Br_Region","Slide #","Array #","sample_name","fastq_fldr_path","sr_fldr_path","loupe_file_path"
"08142022_VIF_SCZ_PNN_1stRound_Slide1","shk","1v","Br2719","DLPFC","V12F14-053","A1","V12F14-053_A1","/dcs04/lieber/marmaypag/spatialDLPFC_SCZ_LIBD4100/raw-data/FASTQ/V12F14-053_A1","/dcs04/lieber/marmaypag/spatialDLPFC_SCZ_LIBD4100/processed-data/spaceranger/V12F14-053_A1","/dcs04/lieber/marmaypag/spatialDLPFC_SCZ_LIBD4100/processed-data/VistoSeg/loupe/V12F14-053_A1"
"08142022_VIF_SCZ_PNN_1stRound_Slide1","shk","2v","Br3942","DLPFC","V12F14-053","B1","V12F14-053_B1","/dcs04/lieber/marmaypag/spatialDLPFC_SCZ_LIBD4100/raw-data/FASTQ/V12F14-053_B1","/dcs04/lieber/marmaypag/spatialDLPFC_SCZ_LIBD4100/processed-data/spaceranger/V12F14-053_B1","/dcs04/lieber/marmaypag/spatialDLPFC_SCZ_LIBD4100/processed-data/VistoSeg/loupe/V12F14-053_B1"
"08142022_VIF_SCZ_PNN_1stRound_Slide1","shk","3v","Br5182","DLPFC","V12F14-053","C1","V12F14-053_C1","/dcs04/lieber/marmaypag/spatialDLPFC_SCZ_LIBD4100/raw-data/FASTQ/V12F14-053_C1","/dcs04/lieber/marmaypag/spatialDLPFC_SCZ_LIBD4100/processed-data/spaceranger/V12F14-053_C1","/dcs04/lieber/marmaypag/spatialDLPFC_SCZ_LIBD4100/processed-data/VistoSeg/loupe/V12F14-053_C1"
"08142022_VIF_SCZ_PNN_1stRound_Slide1","shk","4v","Br5367","DLPFC","V12F14-053","D1","V12F14-053_D1","/dcs04/lieber/marmaypag/spatialDLPFC_SCZ_LIBD4100/raw-data/FASTQ/V12F14-053_D1","/dcs04/lieber/marmaypag/spatialDLPFC_SCZ_LIBD4100/processed-data/spaceranger/V12F14-053_D1","/dcs04/lieber/marmaypag/spatialDLPFC_SCZ_LIBD4100/processed-data/VistoSeg/loupe/V12F14-053_D1"
"08142022_VIF_SCZ_PNN_1stRound_Slide2","shk","5v","Br1526","DLPFC","V12F14-057","A1","V12F14-057_A1","/dcs04/lieber/marmaypag/spatialDLPFC_SCZ_LIBD4100/raw-data/FASTQ/V12F14-057_A1","/dcs04/lieber/marmaypag/spatialDLPFC_SCZ_LIBD4100/processed-data/spaceranger/V12F14-057_A1","/dcs04/lieber/marmaypag/spatialDLPFC_SCZ_LIBD4100/processed-data/VistoSeg/loupe/V12F14-057_A1"
"08142022_VIF_SCZ_PNN_1stRound_Slide2","shk","6v","Br1958","DLPFC","V12F14-057","B1","V12F14-057_B1","/dcs04/lieber/marmaypag/spatialDLPFC_SCZ_LIBD4100/raw-data/FASTQ/V12F14-057_B1","/dcs04/lieber/marmaypag/spatialDLPFC_SCZ_LIBD4100/processed-data/spaceranger/V12F14-057_B1","/dcs04/lieber/marmaypag/spatialDLPFC_SCZ_LIBD4100/processed-data/VistoSeg/loupe/V12F14-057_B1"
"08142022_VIF_SCZ_PNN_1stRound_Slide2","shk","7v","Br2039","DLPFC","V12F14-057","C1","V12F14-057_C1","/dcs04/lieber/marmaypag/spatialDLPFC_SCZ_LIBD4100/raw-data/FASTQ/V12F14-057_C1","/dcs04/lieber/marmaypag/spatialDLPFC_SCZ_LIBD4100/processed-data/spaceranger/V12F14-057_C1","/dcs04/lieber/marmaypag/spatialDLPFC_SCZ_LIBD4100/processed-data/VistoSeg/loupe/V12F14-057_C1"
"08142022_VIF_SCZ_PNN_1stRound_Slide2","shk","8v","Br2378","DLPFC","V12F14-057","D1","V12F14-057_D1","/dcs04/lieber/marmaypag/spatialDLPFC_SCZ_LIBD4100/raw-data/FASTQ/V12F14-057_D1","/dcs04/lieber/marmaypag/spatialDLPFC_SCZ_LIBD4100/processed-data/spaceranger/V12F14-057_D1","/dcs04/lieber/marmaypag/spatialDLPFC_SCZ_LIBD4100/processed-data/VistoSeg/loupe/V12F14-057_D1"
"05312023_VIF_SCZ_PNN_2ndRound_Slide3","shk","9v","Br5373","DLPFC","V12D07-334","A1","V12D07-334_A1","/dcs04/lieber/marmaypag/spatialDLPFC_SCZ_LIBD4100/raw-data/FASTQ/V12D07-334_A1","/dcs04/lieber/marmaypag/spatialDLPFC_SCZ_LIBD4100/processed-data/spaceranger/V12D07-334_A1","/dcs04/lieber/marmaypag/spatialDLPFC_SCZ_LIBD4100/processed-data/VistoSeg/loupe/V12D07-334_A1"
"05312023_VIF_SCZ_PNN_2ndRound_Slide3","shk","10v","Br5472","DLPFC","V12D07-334","B1","V12D07-334_B1","/dcs04/lieber/marmaypag/spatialDLPFC_SCZ_LIBD4100/raw-data/FASTQ/V12D07-334_B1","/dcs04/lieber/marmaypag/spatialDLPFC_SCZ_LIBD4100/processed-data/spaceranger/V12D07-334_B1","/dcs04/lieber/marmaypag/spatialDLPFC_SCZ_LIBD4100/processed-data/VistoSeg/loupe/V12D07-334_B1"
"05312023_VIF_SCZ_PNN_2ndRound_Slide3","shk","11v","Br5789","DLPFC","V12D07-334","C1","V12D07-334_C1","/dcs04/lieber/marmaypag/spatialDLPFC_SCZ_LIBD4100/raw-data/FASTQ/V12D07-334_C1","/dcs04/lieber/marmaypag/spatialDLPFC_SCZ_LIBD4100/processed-data/spaceranger/V12D07-334_C1","/dcs04/lieber/marmaypag/spatialDLPFC_SCZ_LIBD4100/processed-data/VistoSeg/loupe/V12D07-334_C1"
"05312023_VIF_SCZ_PNN_2ndRound_Slide3","shk","12v","Br6432","DLPFC","V12D07-334","D1","V12D07-334_D1","/dcs04/lieber/marmaypag/spatialDLPFC_SCZ_LIBD4100/raw-data/FASTQ/V12D07-334_D1","/dcs04/lieber/marmaypag/spatialDLPFC_SCZ_LIBD4100/processed-data/spaceranger/V12D07-334_D1","/dcs04/lieber/marmaypag/spatialDLPFC_SCZ_LIBD4100/processed-data/VistoSeg/loupe/V12D07-334_D1"
"07102023_VSPG_SCZ_PNN_Slide4","shk","13v","Br1113","DLPFC","V13M06-279","A1","V13M06-279_A1","/dcs04/lieber/marmaypag/spatialDLPFC_SCZ_LIBD4100/raw-data/FASTQ/V13M06-279_A1","/dcs04/lieber/marmaypag/spatialDLPFC_SCZ_LIBD4100/processed-data/spaceranger/V13M06-279_A1","/dcs04/lieber/marmaypag/spatialDLPFC_SCZ_LIBD4100/processed-data/VistoSeg/loupe/V13M06-279_A1"
"07102023_VSPG_SCZ_PNN_Slide4","shk","14v","Br8042","DLPFC","V13M06-279","B1","V13M06-279_B1","/dcs04/lieber/marmaypag/spatialDLPFC_SCZ_LIBD4100/raw-data/FASTQ/V13M06-279_B1","/dcs04/lieber/marmaypag/spatialDLPFC_SCZ_LIBD4100/processed-data/spaceranger/V13M06-279_B1","/dcs04/lieber/marmaypag/spatialDLPFC_SCZ_LIBD4100/processed-data/VistoSeg/loupe/V13M06-279_B1"
"07102023_VSPG_SCZ_PNN_Slide4","shk","15v","Br8537","DLPFC","V13M06-279","C1","V13M06-279_C1","/dcs04/lieber/marmaypag/spatialDLPFC_SCZ_LIBD4100/raw-data/FASTQ/V13M06-279_C1","/dcs04/lieber/marmaypag/spatialDLPFC_SCZ_LIBD4100/processed-data/spaceranger/V13M06-279_C1","/dcs04/lieber/marmaypag/spatialDLPFC_SCZ_LIBD4100/processed-data/VistoSeg/loupe/V13M06-279_C1"
"07102023_VSPG_SCZ_PNN_Slide4","shk","16v","Br8514","DLPFC","V13M06-279","D1","V13M06-279_D1","/dcs04/lieber/marmaypag/spatialDLPFC_SCZ_LIBD4100/raw-data/FASTQ/V13M06-279_D1","/dcs04/lieber/marmaypag/spatialDLPFC_SCZ_LIBD4100/processed-data/spaceranger/V13M06-279_D1","/dcs04/lieber/marmaypag/spatialDLPFC_SCZ_LIBD4100/processed-data/VistoSeg/loupe/V13M06-279_D1"
"07112023_VSPG_SCZ_PNN_Slide5","shk","17v","Br5590","DLPFC","V13M06-280","A1","V13M06-280_A1","/dcs04/lieber/marmaypag/spatialDLPFC_SCZ_LIBD4100/raw-data/FASTQ/V13M06-280_A1","/dcs04/lieber/marmaypag/spatialDLPFC_SCZ_LIBD4100/processed-data/spaceranger/V13M06-280_A1","/dcs04/lieber/marmaypag/spatialDLPFC_SCZ_LIBD4100/processed-data/VistoSeg/loupe/V13M06-280_A1"
"07112023_VSPG_SCZ_PNN_Slide5","shk","18v","Br5636","DLPFC","V13M06-280","B1","V13M06-280_B1","/dcs04/lieber/marmaypag/spatialDLPFC_SCZ_LIBD4100/raw-data/FASTQ/V13M06-280_B1","/dcs04/lieber/marmaypag/spatialDLPFC_SCZ_LIBD4100/processed-data/spaceranger/V13M06-280_B1","/dcs04/lieber/marmaypag/spatialDLPFC_SCZ_LIBD4100/processed-data/VistoSeg/loupe/V13M06-280_B1"
"07112023_VSPG_SCZ_PNN_Slide5","shk","19v","Br2720","DLPFC","V13M06-280","C1","V13M06-280_C1","/dcs04/lieber/marmaypag/spatialDLPFC_SCZ_LIBD4100/raw-data/FASTQ/V13M06-280_C1","/dcs04/lieber/marmaypag/spatialDLPFC_SCZ_LIBD4100/processed-data/spaceranger/V13M06-280_C1","/dcs04/lieber/marmaypag/spatialDLPFC_SCZ_LIBD4100/processed-data/VistoSeg/loupe/V13M06-280_C1"
"07112023_VSPG_SCZ_PNN_Slide5","shk","20v","Br6257","DLPFC","V13M06-280","D1","V13M06-280_D1","/dcs04/lieber/marmaypag/spatialDLPFC_SCZ_LIBD4100/raw-data/FASTQ/V13M06-280_D1","/dcs04/lieber/marmaypag/spatialDLPFC_SCZ_LIBD4100/processed-data/spaceranger/V13M06-280_D1","/dcs04/lieber/marmaypag/spatialDLPFC_SCZ_LIBD4100/processed-data/VistoSeg/loupe/V13M06-280_D1"
"07172023_VSPG_SCZ_PNN_Slide6","shk","21v","Br5400","DLPFC","V13M06-281","A1","V13M06-281_A1","/dcs04/lieber/marmaypag/spatialDLPFC_SCZ_LIBD4100/raw-data/FASTQ/V13M06-281_A1","/dcs04/lieber/marmaypag/spatialDLPFC_SCZ_LIBD4100/processed-data/spaceranger/V13M06-281_A1","/dcs04/lieber/marmaypag/spatialDLPFC_SCZ_LIBD4100/processed-data/VistoSeg/loupe/V13M06-281_A1"
"07172023_VSPG_SCZ_PNN_Slide6","shk","22v","Br5395","DLPFC","V13M06-281","B1","V13M06-281_B1","/dcs04/lieber/marmaypag/spatialDLPFC_SCZ_LIBD4100/raw-data/FASTQ/V13M06-281_B1","/dcs04/lieber/marmaypag/spatialDLPFC_SCZ_LIBD4100/processed-data/spaceranger/V13M06-281_B1","/dcs04/lieber/marmaypag/spatialDLPFC_SCZ_LIBD4100/processed-data/VistoSeg/loupe/V13M06-281_B1"
"07172023_VSPG_SCZ_PNN_Slide6","shk","23v","Br2242","DLPFC","V13M06-281","C1","V13M06-281_C1","/dcs04/lieber/marmaypag/spatialDLPFC_SCZ_LIBD4100/raw-data/FASTQ/V13M06-281_C1","/dcs04/lieber/marmaypag/spatialDLPFC_SCZ_LIBD4100/processed-data/spaceranger/V13M06-281_C1","/dcs04/lieber/marmaypag/spatialDLPFC_SCZ_LIBD4100/processed-data/VistoSeg/loupe/V13M06-281_C1"
"07172023_VSPG_SCZ_PNN_Slide6","shk","24v","Br5888","DLPFC","V13M06-281","D1","V13M06-281_D1","/dcs04/lieber/marmaypag/spatialDLPFC_SCZ_LIBD4100/raw-data/FASTQ/V13M06-281_D1","/dcs04/lieber/marmaypag/spatialDLPFC_SCZ_LIBD4100/processed-data/spaceranger/V13M06-281_D1","/dcs04/lieber/marmaypag/spatialDLPFC_SCZ_LIBD4100/processed-data/VistoSeg/loupe/V13M06-281_D1"
"07182023_VSPG_SCZ_PNN_Slide7","shk","25v","Br6560","DLPFC","V13M06-282","A1","V13M06-282_A1","/dcs04/lieber/marmaypag/spatialDLPFC_SCZ_LIBD4100/raw-data/FASTQ/V13M06-282_A1","/dcs04/lieber/marmaypag/spatialDLPFC_SCZ_LIBD4100/processed-data/spaceranger/V13M06-282_A1","/dcs04/lieber/marmaypag/spatialDLPFC_SCZ_LIBD4100/processed-data/VistoSeg/loupe/V13M06-282_A1"
"07182023_VSPG_SCZ_PNN_Slide7","shk","26v","Br6437","DLPFC","V13M06-282","B1","V13M06-282_B1","/dcs04/lieber/marmaypag/spatialDLPFC_SCZ_LIBD4100/raw-data/FASTQ/V13M06-282_B1","/dcs04/lieber/marmaypag/spatialDLPFC_SCZ_LIBD4100/processed-data/spaceranger/V13M06-282_B1","/dcs04/lieber/marmaypag/spatialDLPFC_SCZ_LIBD4100/processed-data/VistoSeg/loupe/V13M06-282_B1"
"07182023_VSPG_SCZ_PNN_Slide7","shk","27v","Br6297","DLPFC","V13M06-282","C1","V13M06-282_C1","/dcs04/lieber/marmaypag/spatialDLPFC_SCZ_LIBD4100/raw-data/FASTQ/V13M06-282_C1","/dcs04/lieber/marmaypag/spatialDLPFC_SCZ_LIBD4100/processed-data/spaceranger/V13M06-282_C1","/dcs04/lieber/marmaypag/spatialDLPFC_SCZ_LIBD4100/processed-data/VistoSeg/loupe/V13M06-282_C1"
"07182023_VSPG_SCZ_PNN_Slide7","shk","28v","Br5436","DLPFC","V13M06-282","D1","V13M06-282_D1","/dcs04/lieber/marmaypag/spatialDLPFC_SCZ_LIBD4100/raw-data/FASTQ/V13M06-282_D1","/dcs04/lieber/marmaypag/spatialDLPFC_SCZ_LIBD4100/processed-data/spaceranger/V13M06-282_D1","/dcs04/lieber/marmaypag/spatialDLPFC_SCZ_LIBD4100/processed-data/VistoSeg/loupe/V13M06-282_D1"
"07252023_VSPG_SCZ_PNN_Slide8","shk","29v","Br5622","DLPFC","V13F27-293","A1","V13F27-293_A1","/dcs04/lieber/marmaypag/spatialDLPFC_SCZ_LIBD4100/raw-data/FASTQ/V13F27-293_A1","/dcs04/lieber/marmaypag/spatialDLPFC_SCZ_LIBD4100/processed-data/spaceranger/V13F27-293_A1","/dcs04/lieber/marmaypag/spatialDLPFC_SCZ_LIBD4100/processed-data/VistoSeg/loupe/V13F27-293_A1"
"07252023_VSPG_SCZ_PNN_Slide8","shk","30v","Br5599","DLPFC","V13F27-293","B1","V13F27-293_B1","/dcs04/lieber/marmaypag/spatialDLPFC_SCZ_LIBD4100/raw-data/FASTQ/V13F27-293_B1","/dcs04/lieber/marmaypag/spatialDLPFC_SCZ_LIBD4100/processed-data/spaceranger/V13F27-293_B1","/dcs04/lieber/marmaypag/spatialDLPFC_SCZ_LIBD4100/processed-data/VistoSeg/loupe/V13F27-293_B1"
"07252023_VSPG_SCZ_PNN_Slide8","shk","31v","Br5588","DLPFC","V13F27-293","C1","V13F27-293_C1","/dcs04/lieber/marmaypag/spatialDLPFC_SCZ_LIBD4100/raw-data/FASTQ/V13F27-293_C1","/dcs04/lieber/marmaypag/spatialDLPFC_SCZ_LIBD4100/processed-data/spaceranger/V13F27-293_C1","/dcs04/lieber/marmaypag/spatialDLPFC_SCZ_LIBD4100/processed-data/VistoSeg/loupe/V13F27-293_C1"
"07252023_VSPG_SCZ_PNN_Slide8","shk","32v","Br6032","DLPFC","V13F27-293","D1","V13F27-293_D1","/dcs04/lieber/marmaypag/spatialDLPFC_SCZ_LIBD4100/raw-data/FASTQ/V13F27-293_D1","/dcs04/lieber/marmaypag/spatialDLPFC_SCZ_LIBD4100/processed-data/spaceranger/V13F27-293_D1","/dcs04/lieber/marmaypag/spatialDLPFC_SCZ_LIBD4100/processed-data/VistoSeg/loupe/V13F27-293_D1"
"07262023_VSPG_SCZ_PNN_Slide9","shk","33v","Br5746","DLPFC","V13F27-294","A1","V13F27-294_A1","/dcs04/lieber/marmaypag/spatialDLPFC_SCZ_LIBD4100/raw-data/FASTQ/V13F27-294_A1","/dcs04/lieber/marmaypag/spatialDLPFC_SCZ_LIBD4100/processed-data/spaceranger/V13F27-294_A1","/dcs04/lieber/marmaypag/spatialDLPFC_SCZ_LIBD4100/processed-data/VistoSeg/loupe/V13F27-294_A1"
"07262023_VSPG_SCZ_PNN_Slide9","shk","34v","Br5928","DLPFC","V13F27-294","B1","V13F27-294_B1","/dcs04/lieber/marmaypag/spatialDLPFC_SCZ_LIBD4100/raw-data/FASTQ/V13F27-294_B1","/dcs04/lieber/marmaypag/spatialDLPFC_SCZ_LIBD4100/processed-data/spaceranger/V13F27-294_B1","/dcs04/lieber/marmaypag/spatialDLPFC_SCZ_LIBD4100/processed-data/VistoSeg/loupe/V13F27-294_B1"
"07262023_VSPG_SCZ_PNN_Slide9","shk","35v","Br5314","DLPFC","V13F27-294","C1","V13F27-294_C1","/dcs04/lieber/marmaypag/spatialDLPFC_SCZ_LIBD4100/raw-data/FASTQ/V13F27-294_C1","/dcs04/lieber/marmaypag/spatialDLPFC_SCZ_LIBD4100/processed-data/spaceranger/V13F27-294_C1","/dcs04/lieber/marmaypag/spatialDLPFC_SCZ_LIBD4100/processed-data/VistoSeg/loupe/V13F27-294_C1"
"07262023_VSPG_SCZ_PNN_Slide9","shk","36v","Br5639","DLPFC","V13F27-294","D1","V13F27-294_D1","/dcs04/lieber/marmaypag/spatialDLPFC_SCZ_LIBD4100/raw-data/FASTQ/V13F27-294_D1","/dcs04/lieber/marmaypag/spatialDLPFC_SCZ_LIBD4100/processed-data/spaceranger/V13F27-294_D1","/dcs04/lieber/marmaypag/spatialDLPFC_SCZ_LIBD4100/processed-data/VistoSeg/loupe/V13F27-294_D1"
"08292023_VSPG_SCZ_PNN_Slide10","shk","37v","Br1092","DLPFC","V13F27-295","A1","V13F27-295_A1","/dcs04/lieber/marmaypag/spatialDLPFC_SCZ_LIBD4100/raw-data/FASTQ/V13F27-295_A1","/dcs04/lieber/marmaypag/spatialDLPFC_SCZ_LIBD4100/processed-data/spaceranger/V13F27-295_A1","/dcs04/lieber/marmaypag/spatialDLPFC_SCZ_LIBD4100/processed-data/VistoSeg/loupe/V13F27-295_A1"
"08292023_VSPG_SCZ_PNN_Slide10","shk","38v","Br8325","DLPFC","V13F27-295","B1","V13F27-295_B1","/dcs04/lieber/marmaypag/spatialDLPFC_SCZ_LIBD4100/raw-data/FASTQ/V13F27-295_B1","/dcs04/lieber/marmaypag/spatialDLPFC_SCZ_LIBD4100/processed-data/spaceranger/V13F27-295_B1","/dcs04/lieber/marmaypag/spatialDLPFC_SCZ_LIBD4100/processed-data/VistoSeg/loupe/V13F27-295_B1"
"08292023_VSPG_SCZ_PNN_Slide10","shk","39v","Br2627","DLPFC","V13F27-295","C1","V13F27-295_C1","/dcs04/lieber/marmaypag/spatialDLPFC_SCZ_LIBD4100/raw-data/FASTQ/V13F27-295_C1","/dcs04/lieber/marmaypag/spatialDLPFC_SCZ_LIBD4100/processed-data/spaceranger/V13F27-295_C1","/dcs04/lieber/marmaypag/spatialDLPFC_SCZ_LIBD4100/processed-data/VistoSeg/loupe/V13F27-295_C1"
"08292023_VSPG_SCZ_PNN_Slide10","shk","40v","Br8772","DLPFC","V13F27-295","D1","V13F27-295_D1","/dcs04/lieber/marmaypag/spatialDLPFC_SCZ_LIBD4100/raw-data/FASTQ/V13F27-295_D1","/dcs04/lieber/marmaypag/spatialDLPFC_SCZ_LIBD4100/processed-data/spaceranger/V13F27-295_D1","/dcs04/lieber/marmaypag/spatialDLPFC_SCZ_LIBD4100/processed-data/VistoSeg/loupe/V13F27-295_D1"
"08302023_VSPG_SCZ_PNN_Slide11","shk","41v","Br1139","DLPFC","V13F27-296","A1","V13F27-296_A1","/dcs04/lieber/marmaypag/spatialDLPFC_SCZ_LIBD4100/raw-data/FASTQ/V13F27-296_A1","/dcs04/lieber/marmaypag/spatialDLPFC_SCZ_LIBD4100/processed-data/spaceranger/V13F27-296_A1","/dcs04/lieber/marmaypag/spatialDLPFC_SCZ_LIBD4100/processed-data/VistoSeg/loupe/V13F27-296_A1"
"08302023_VSPG_SCZ_PNN_Slide11","shk","42v","Br1578","DLPFC","V13F27-296","B1","V13F27-296_B1","/dcs04/lieber/marmaypag/spatialDLPFC_SCZ_LIBD4100/raw-data/FASTQ/V13F27-296_B1","/dcs04/lieber/marmaypag/spatialDLPFC_SCZ_LIBD4100/processed-data/spaceranger/V13F27-296_B1","/dcs04/lieber/marmaypag/spatialDLPFC_SCZ_LIBD4100/processed-data/VistoSeg/loupe/V13F27-296_B1"
"08302023_VSPG_SCZ_PNN_Slide11","shk","43v","Br1753","DLPFC","V13F27-296","C1","V13F27-296_C1","/dcs04/lieber/marmaypag/spatialDLPFC_SCZ_LIBD4100/raw-data/FASTQ/V13F27-296_C1","/dcs04/lieber/marmaypag/spatialDLPFC_SCZ_LIBD4100/processed-data/spaceranger/V13F27-296_C1","/dcs04/lieber/marmaypag/spatialDLPFC_SCZ_LIBD4100/processed-data/VistoSeg/loupe/V13F27-296_C1"
"08302023_VSPG_SCZ_PNN_Slide11","shk","44v","Br6389","DLPFC","V13F27-296","D1","V13F27-296_D1","/dcs04/lieber/marmaypag/spatialDLPFC_SCZ_LIBD4100/raw-data/FASTQ/V13F27-296_D1","/dcs04/lieber/marmaypag/spatialDLPFC_SCZ_LIBD4100/processed-data/spaceranger/V13F27-296_D1","/dcs04/lieber/marmaypag/spatialDLPFC_SCZ_LIBD4100/processed-data/VistoSeg/loupe/V13F27-296_D1"
"09052023_VSPG_SCZ_PNN_Slide12","shk","45v","Br5931","DLPFC","V13M06-340","A1","V13M06-340_A1","/dcs04/lieber/marmaypag/spatialDLPFC_SCZ_LIBD4100/raw-data/FASTQ/V13M06-340_A1","/dcs04/lieber/marmaypag/spatialDLPFC_SCZ_LIBD4100/processed-data/spaceranger/V13M06-340_A1","/dcs04/lieber/marmaypag/spatialDLPFC_SCZ_LIBD4100/processed-data/VistoSeg/loupe/V13M06-340_A1"
"09052023_VSPG_SCZ_PNN_Slide12","shk","46v","Br8406","DLPFC","V13M06-340","B1","V13M06-340_B1","/dcs04/lieber/marmaypag/spatialDLPFC_SCZ_LIBD4100/raw-data/FASTQ/V13M06-340_B1","/dcs04/lieber/marmaypag/spatialDLPFC_SCZ_LIBD4100/processed-data/spaceranger/V13M06-340_B1","/dcs04/lieber/marmaypag/spatialDLPFC_SCZ_LIBD4100/processed-data/VistoSeg/loupe/V13M06-340_B1"
"09052023_VSPG_SCZ_PNN_Slide12","shk","47v","Br1682","DLPFC","V13M06-340","C1","V13M06-340_C1","/dcs04/lieber/marmaypag/spatialDLPFC_SCZ_LIBD4100/raw-data/FASTQ/V13M06-340_C1","/dcs04/lieber/marmaypag/spatialDLPFC_SCZ_LIBD4100/processed-data/spaceranger/V13M06-340_C1","/dcs04/lieber/marmaypag/spatialDLPFC_SCZ_LIBD4100/processed-data/VistoSeg/loupe/V13M06-340_C1"
"09052023_VSPG_SCZ_PNN_Slide12","shk","48v","Br2470","DLPFC","V13M06-340","D1","V13M06-340_D1","/dcs04/lieber/marmaypag/spatialDLPFC_SCZ_LIBD4100/raw-data/FASTQ/V13M06-340_D1","/dcs04/lieber/marmaypag/spatialDLPFC_SCZ_LIBD4100/processed-data/spaceranger/V13M06-340_D1","/dcs04/lieber/marmaypag/spatialDLPFC_SCZ_LIBD4100/processed-data/VistoSeg/loupe/V13M06-340_D1"
"09062023_VSPG_SCZ_PNN_Slide13","shk","49v","Br5224","DLPFC","V13M06-342","A1","V13M06-342_A1","/dcs04/lieber/marmaypag/spatialDLPFC_SCZ_LIBD4100/raw-data/FASTQ/V13M06-342_A1","/dcs04/lieber/marmaypag/spatialDLPFC_SCZ_LIBD4100/processed-data/spaceranger/V13M06-342_A1","/dcs04/lieber/marmaypag/spatialDLPFC_SCZ_LIBD4100/processed-data/VistoSeg/loupe/V13M06-342_A1"
"09062023_VSPG_SCZ_PNN_Slide13","shk","50v","Br8207","DLPFC","V13M06-342","B1","V13M06-342_B1","/dcs04/lieber/marmaypag/spatialDLPFC_SCZ_LIBD4100/raw-data/FASTQ/V13M06-342_B1","/dcs04/lieber/marmaypag/spatialDLPFC_SCZ_LIBD4100/processed-data/spaceranger/V13M06-342_B1","/dcs04/lieber/marmaypag/spatialDLPFC_SCZ_LIBD4100/processed-data/VistoSeg/loupe/V13M06-342_B1"
"09062023_VSPG_SCZ_PNN_Slide13","shk","51v","Br8433","DLPFC","V13M06-342","C1","V13M06-342_C1","/dcs04/lieber/marmaypag/spatialDLPFC_SCZ_LIBD4100/raw-data/FASTQ/V13M06-342_C1","/dcs04/lieber/marmaypag/spatialDLPFC_SCZ_LIBD4100/processed-data/spaceranger/V13M06-342_C1","/dcs04/lieber/marmaypag/spatialDLPFC_SCZ_LIBD4100/processed-data/VistoSeg/loupe/V13M06-342_C1"
"09062023_VSPG_SCZ_PNN_Slide13","shk","52v","Br8667","DLPFC","V13M06-342","D1","V13M06-342_D1","/dcs04/lieber/marmaypag/spatialDLPFC_SCZ_LIBD4100/raw-data/FASTQ/V13M06-342_D1","/dcs04/lieber/marmaypag/spatialDLPFC_SCZ_LIBD4100/processed-data/spaceranger/V13M06-342_D1","/dcs04/lieber/marmaypag/spatialDLPFC_SCZ_LIBD4100/processed-data/VistoSeg/loupe/V13M06-342_D1"
"09112023_VSPG_SCZ_PNN_Slide14","shk","53v","Br5276","DLPFC","V13M06-343","A1","V13M06-343_A1","/dcs04/lieber/marmaypag/spatialDLPFC_SCZ_LIBD4100/raw-data/FASTQ/V13M06-343_A1","/dcs04/lieber/marmaypag/spatialDLPFC_SCZ_LIBD4100/processed-data/spaceranger/V13M06-343_A1","/dcs04/lieber/marmaypag/spatialDLPFC_SCZ_LIBD4100/processed-data/VistoSeg/loupe/V13M06-343_A1"
"09112023_VSPG_SCZ_PNN_Slide14","shk","54v","Br8492","DLPFC","V13M06-343","B1","V13M06-343_B1","/dcs04/lieber/marmaypag/spatialDLPFC_SCZ_LIBD4100/raw-data/FASTQ/V13M06-343_B1","/dcs04/lieber/marmaypag/spatialDLPFC_SCZ_LIBD4100/processed-data/spaceranger/V13M06-343_B1","/dcs04/lieber/marmaypag/spatialDLPFC_SCZ_LIBD4100/processed-data/VistoSeg/loupe/V13M06-343_B1"
"09112023_VSPG_SCZ_PNN_Slide14","shk","55v","Br5573","DLPFC","V13M06-343","C1","V13M06-343_C1","/dcs04/lieber/marmaypag/spatialDLPFC_SCZ_LIBD4100/raw-data/FASTQ/V13M06-343_C1","/dcs04/lieber/marmaypag/spatialDLPFC_SCZ_LIBD4100/processed-data/spaceranger/V13M06-343_C1","/dcs04/lieber/marmaypag/spatialDLPFC_SCZ_LIBD4100/processed-data/VistoSeg/loupe/V13M06-343_C1"
"09112023_VSPG_SCZ_PNN_Slide14","shk","56v","Br5973","DLPFC","V13M06-343","D1","V13M06-343_D1","/dcs04/lieber/marmaypag/spatialDLPFC_SCZ_LIBD4100/raw-data/FASTQ/V13M06-343_D1","/dcs04/lieber/marmaypag/spatialDLPFC_SCZ_LIBD4100/processed-data/spaceranger/V13M06-343_D1","/dcs04/lieber/marmaypag/spatialDLPFC_SCZ_LIBD4100/processed-data/VistoSeg/loupe/V13M06-343_D1"
"09132023_VSPG_SCZ_PNN_Slide15","shk","57v","Br6496","DLPFC","V13M06-344","A1","V13M06-344_A1","/dcs04/lieber/marmaypag/spatialDLPFC_SCZ_LIBD4100/raw-data/FASTQ/V13M06-344_A1","/dcs04/lieber/marmaypag/spatialDLPFC_SCZ_LIBD4100/processed-data/spaceranger/V13M06-344_A1","/dcs04/lieber/marmaypag/spatialDLPFC_SCZ_LIBD4100/processed-data/VistoSeg/loupe/V13M06-344_A1"
"09132023_VSPG_SCZ_PNN_Slide15","shk","58v","Br6369","DLPFC","V13M06-344","B1","V13M06-344_B1","/dcs04/lieber/marmaypag/spatialDLPFC_SCZ_LIBD4100/raw-data/FASTQ/V13M06-344_B1","/dcs04/lieber/marmaypag/spatialDLPFC_SCZ_LIBD4100/processed-data/spaceranger/V13M06-344_B1","/dcs04/lieber/marmaypag/spatialDLPFC_SCZ_LIBD4100/processed-data/VistoSeg/loupe/V13M06-344_B1"
"09132023_VSPG_SCZ_PNN_Slide15","shk","59v","Br1214","DLPFC","V13M06-344","C1","V13M06-344_C1","/dcs04/lieber/marmaypag/spatialDLPFC_SCZ_LIBD4100/raw-data/FASTQ/V13M06-344_C1","/dcs04/lieber/marmaypag/spatialDLPFC_SCZ_LIBD4100/processed-data/spaceranger/V13M06-344_C1","/dcs04/lieber/marmaypag/spatialDLPFC_SCZ_LIBD4100/processed-data/VistoSeg/loupe/V13M06-344_C1"
"09132023_VSPG_SCZ_PNN_Slide15","shk","60v","Br5228","DLPFC","V13M06-344","D1","V13M06-344_D1","/dcs04/lieber/marmaypag/spatialDLPFC_SCZ_LIBD4100/raw-data/FASTQ/V13M06-344_D1","/dcs04/lieber/marmaypag/spatialDLPFC_SCZ_LIBD4100/processed-data/spaceranger/V13M06-344_D1","/dcs04/lieber/marmaypag/spatialDLPFC_SCZ_LIBD4100/processed-data/VistoSeg/loupe/V13M06-344_D1"
"09192023_VSPG_SCZ_PNN_Slide16","shk","61v","Br8218","DLPFC","V13F27-336","A1","V13F27-336_A1","/dcs04/lieber/marmaypag/spatialDLPFC_SCZ_LIBD4100/raw-data/FASTQ/V13F27-336_A1","/dcs04/lieber/marmaypag/spatialDLPFC_SCZ_LIBD4100/processed-data/spaceranger/V13F27-336_A1","/dcs04/lieber/marmaypag/spatialDLPFC_SCZ_LIBD4100/processed-data/VistoSeg/loupe/V13F27-336_A1"
"09192023_VSPG_SCZ_PNN_Slide16","shk","62v","Br1204","DLPFC","V13F27-336","B1","V13F27-336_B1","/dcs04/lieber/marmaypag/spatialDLPFC_SCZ_LIBD4100/raw-data/FASTQ/V13F27-336_B1","/dcs04/lieber/marmaypag/spatialDLPFC_SCZ_LIBD4100/processed-data/spaceranger/V13F27-336_B1","/dcs04/lieber/marmaypag/spatialDLPFC_SCZ_LIBD4100/processed-data/VistoSeg/loupe/V13F27-336_B1"
"09192023_VSPG_SCZ_PNN_Slide16","shk","63v","Br1923","DLPFC","V13F27-336","C1","V13F27-336_C1","/dcs04/lieber/marmaypag/spatialDLPFC_SCZ_LIBD4100/raw-data/FASTQ/V13F27-336_C1","/dcs04/lieber/marmaypag/spatialDLPFC_SCZ_LIBD4100/processed-data/spaceranger/V13F27-336_C1","/dcs04/lieber/marmaypag/spatialDLPFC_SCZ_LIBD4100/processed-data/VistoSeg/loupe/V13F27-336_C1"
"09192023_VSPG_SCZ_PNN_Slide16","shk","64v","Br2421","DLPFC","V13F27-336","D1","V13F27-336_D1","/dcs04/lieber/marmaypag/spatialDLPFC_SCZ_LIBD4100/raw-data/FASTQ/V13F27-336_D1","/dcs04/lieber/marmaypag/spatialDLPFC_SCZ_LIBD4100/processed-data/spaceranger/V13F27-336_D1","/dcs04/lieber/marmaypag/spatialDLPFC_SCZ_LIBD4100/processed-data/VistoSeg/loupe/V13F27-336_D1"
